dataset,variable,TP,TN,FP,FN,accuracy
train_x,Df,30442,4494,439,4181,0.8832035595105673
train_x,D,31651,3382,1551,2972,0.8856557791485489
valid_x,Df,3329,503,45,518,0.8718998862343572
valid_x,D,3447,383,165,400,0.8714448236632537
test_x,Df,3769,559,50,505,0.8863403645300021
test_x,D,3907,413,196,367,0.8847020274421462
