dataset,variable,TP,TN,FP,FN,accuracy
train_x,Df,32561,2326,2607,2062,0.8819648093841642
train_x,D,32561,2326,2607,2062,0.8819648093841642
valid_x,Df,3557,264,284,290,0.8693970420932878
valid_x,D,3557,264,284,290,0.8693970420932878
test_x,Df,4008,279,330,266,0.8779438869547409
test_x,D,4008,279,330,266,0.8779438869547409
