dataset,variable,TP,TN,FP,FN,accuracy
train_x,Df,3484,2607,735,1274,0.7519753086419753
train_x,D,3643,2484,858,1115,0.7564197530864197
valid_x,Df,393,281,90,136,0.7488888888888889
valid_x,D,409,263,108,120,0.7466666666666667
test_x,Df,427,321,91,161,0.748
test_x,D,448,298,114,140,0.746
