dataset,variable,TP,TN,FP,FN,accuracy
train_x,Df,3867,3646,352,235,0.9275308641975308
train_x,D,3954,3451,547,148,0.9141975308641975
valid_x,Df,432,391,51,26,0.9144444444444444
valid_x,D,443,368,74,15,0.9011111111111111
test_x,Df,471,448,47,34,0.919
test_x,D,482,415,80,23,0.897
