dataset,variable,TP,TN,FP,FN,accuracy
train_x,Df,30829,4149,784,3794,0.8842653453331984
train_x,D,31758,3304,1629,2865,0.8863889169784609
valid_x,Df,3365,465,83,482,0.8714448236632537
valid_x,D,3460,380,168,387,0.8737201365187713
test_x,Df,3805,508,101,469,0.8832684824902723
test_x,D,3906,400,209,368,0.8818349375383985
